aprobacion_v1,robot1,,2025-06-09 10:31:30,Paso 0: Acceder al contrato --- proceso CPS-3866-2025 - 2025-06-09 10:31:30
aprobacion_v1,robot1,,2025-06-09 10:32:37,No se encuentra Paso 2: Boton Aprobar
aprobacion_v1,robot1,,2025-06-09 11:11:58,Paso 0: Acceder al contrato --- proceso CPS-1332-2025 - 2025-06-09 11:11:58
aprobacion_v1,robot1,,2025-06-09 11:12:55,Terminada Aprobación del Contrato --- proceso CPS-1332-2025 - inicio: 2025-06-09 11:11:58 - fin: 2025-06-09 11:12:55
aprobacion_v1,robot1,,2025-06-09 11:12:55,Aprobación del Contrato --- proceso CPS-1332-2025 - inicio: 2025-06-09 11:11:58 - fin: 2025-06-09 11:12:55
aprobacion_v1,robot1,,2025-06-09 11:13:45,Paso 0: Acceder al contrato --- proceso CPS-1332-2025 - 2025-06-09 11:13:45
aprobacion_v1,robot1,,2025-06-09 11:14:50,No se encuentra Paso 2: Boton Aprobar
aprobacion_v2,robot1,,2025-06-09 11:35:05,Paso 0: Acceder al contrato --- proceso CPS-1219-2025 - 2025-06-09 11:35:05
aprobacion_v2,robot1,,2025-06-09 11:36:01,Terminada Aprobación del Contrato --- proceso CPS-1219-2025 - inicio: 2025-06-09 11:35:05 - fin: 2025-06-09 11:36:01
aprobacion_v2,robot1,,2025-06-09 11:36:01,Aprobación del Contrato --- proceso CPS-1219-2025 - inicio: 2025-06-09 11:35:05 - fin: 2025-06-09 11:36:01
aprobacion_v2,robot1,,2025-06-10 07:31:16,No se encuentra Paso 0: Titulo proceso
aprobacion_v2,robot1,,2025-06-10 08:14:40,No se encuentra Paso 2: Botón Publicar modificación
aprobacion_v2,robot1,,2025-06-10 08:25:15,No se encuentra Paso 2: Botón Publicar modificación
aprobacion_v2,robot1,,2025-06-10 08:39:15,Paso 0: Acceder al contrato --- proceso CPS-3563-2025 - 2025-06-10 08:39:15
aprobacion_v2,robot1,,2025-06-10 08:39:43,No se encuentra Paso 0: Titulo proceso
aprobacion_v2,robot1,,2025-06-10 08:40:42,Paso 0: Acceder al contrato --- proceso CPS-3563-2025 - 2025-06-10 08:40:42
aprobacion_v2,robot1,,2025-06-10 08:41:10,No se encuentra Paso 0: Titulo proceso
aprobacion_v2,robot1,,2025-06-10 08:43:29,Paso 0: Acceder al contrato --- proceso CPS-0390-2025 - 2025-06-10 08:43:29
aprobacion_v2,robot1,,2025-06-10 08:44:25,Terminada Aprobación del Contrato --- proceso CPS-0390-2025 - inicio: 2025-06-10 08:43:29 - fin: 2025-06-10 08:44:25
aprobacion_v2,robot1,,2025-06-10 08:44:25,Aprobación del Contrato --- proceso CPS-0390-2025 - inicio: 2025-06-10 08:43:29 - fin: 2025-06-10 08:44:25
aprobacion_v2,robot1,,2025-06-10 08:51:52,No se encuentra Paso 0: Titulo proceso
aprobacion_v2,robot1,,2025-06-10 09:05:47,No se encuentra Paso 0: Titulo proceso
aprobacion_v2,robot1,,2025-06-10 09:06:31,No se encuentra Paso 0: Campo Búsqueda avanzada
aprobacion_v2,robot1,,2025-06-10 09:07:11,No se encuentra Paso 0: Titulo proceso
iniciar_v1,robot1,,2025-06-17 10:24:41,No se encuentra Paso 2: Botón Iniciar ejecución
iniciar_v1,robot1,,2025-06-17 10:36:27,Paso 0: Acceder al contrato --- proceso CPS-5994-2025 - 2025-06-17 10:36:27
iniciar_v1,robot1,,2025-06-17 10:50:46,Paso 0: Acceder al contrato --- proceso CPS-5994-2025 - 2025-06-17 10:50:46
iniciar_v1,robot1,,2025-06-17 11:02:48,Paso 0: Acceder al contrato --- proceso CPS-5994-2025 - 2025-06-17 11:02:48
iniciar_v1,robot1,,2025-06-17 11:03:19,No se encuentra Paso 0: Titulo proceso
iniciar_v1,robot1,,2025-06-17 11:03:57,Paso 0: Acceder al contrato --- proceso CPS-5994-2025 - 2025-06-17 11:03:57
iniciar_v1,robot1,,2025-06-17 11:05:19,Terminada Iniciar Ejecución del Contrato --- proceso CPS-5994-2025 - inicio: 2025-06-17 11:03:57 - fin: 2025-06-17 11:05:19
iniciar_v1,robot1,,2025-06-17 11:05:19,Iniciar Ejecución del Contrato --- proceso CPS-5994-2025 - inicio: 2025-06-17 11:03:57 - fin: 2025-06-17 11:05:19
iniciar_v1,robot1,,2025-06-17 11:11:43,Paso 0: Acceder al contrato --- proceso CPS-5985-2025 - 2025-06-17 11:11:43
iniciar_v1,robot1,,2025-06-17 11:12:15,No se encuentra Paso 0: Titulo proceso
iniciar_v1,robot1,,2025-06-17 11:12:53,Paso 0: Acceder al contrato --- proceso CPS-5985-2025 - 2025-06-17 11:12:53
iniciar_v1,robot1,,2025-06-17 11:14:11,Terminada Iniciar Ejecución del Contrato --- proceso CPS-5985-2025 - inicio: 2025-06-17 11:12:53 - fin: 2025-06-17 11:14:11
iniciar_v1,robot1,,2025-06-17 11:14:11,Iniciar Ejecución del Contrato --- proceso CPS-5985-2025 - inicio: 2025-06-17 11:12:53 - fin: 2025-06-17 11:14:11
aprobacion_v3,robot1,,2025-07-29 14:11:37,No se encuentra Paso 2: Boton Aprobar
aprobacion_v3,robot1,,2025-07-29 14:17:19,Paso 0: Acceder al contrato --- proceso CPS-3947-2025 - 2025-07-29 14:17:19
aprobacion_v3,robot1,,2025-07-29 14:18:11,No se encuentra Paso 0: Titulo proceso
aprobacion_v3,robot1,,2025-07-29 14:23:11,No se encuentra Paso 2: Boton Aprobar
aprobacion_v3,robot1,,2025-07-29 15:01:20,Paso 0: Acceder al contrato --- proceso CPS-3588-2025 - 2025-07-29 15:01:20
aprobacion_v3,robot1,,2025-07-29 15:01:53,No se encuentra Paso 0: Titulo proceso
aprobacion_v3,robot1,,2025-07-29 15:04:42,No se encuentra Paso 0: Titulo proceso
aprobacion_v3,robot1,,2025-07-29 15:09:26,Paso 0: Acceder al contrato --- proceso CPS-3588-2025 - 2025-07-29 15:09:26
aprobacion_v3,robot1,,2025-07-29 15:10:30,No se encuentra Paso 2: Boton Aprobar
SIHO_v1,robot1,,2025-08-04 13:18:41,No se encuentra Botón Ingresar
SIHO_v1,robot1,,2025-08-04 13:20:44,No se encuentra Botón Ingresar
SIHO_v1,robot1,,2025-08-04 13:25:01,No se encuentra Botón Ingresar
SIHO_v1,robot1,,2025-08-04 15:14:08,No se encuentra Paso 0: Buscar número contrato
SIHO_v1,robot1,,2025-08-08 11:10:53,No se encuentra Campo Código único de registro
SIHO_v1,robot1,,2025-08-08 11:13:24,No se encuentra Cuadro Código único de registro
SIHO_v1,robot1,,2025-08-08 14:51:46,No se encuentra Cuadro Registro de Personas para este Contrato
SIHO_v1,robot1,,2025-08-08 15:25:28,No se encuentra Titulo Contratación desde 2020
SIHO_v1,robot1,,2025-08-11 09:46:17,Paso 0: Acceder al contrato --- proceso CPS-0050-2025 - 2025-08-11 09:46:17
SIHO_v1,robot1,,2025-08-11 09:46:29,No se encuentra Cuadro Código único de registro
SIHO_v1,robot1,,2025-08-11 10:23:50,No se encuentra Botón Grabar
SIHO_v1,robot1,,2025-08-11 10:24:01,No se encuentra Paso 0: Buscar número contrato
SIHO_v1,robot1,,2025-08-11 13:19:36,No se encuentra Botón Grabar
SIHO_v1,robot1,,2025-08-11 13:19:46,No se encuentra Paso 0: Buscar número contrato
SIHO_v1,robot1,,2025-08-11 16:25:27,Paso 0: Acceder al contrato --- proceso CPS-3583-2025 - 2025-08-11 16:25:27
SIHO_v1,robot1,,2025-08-11 16:26:01,No se encuentra Cuadro Registro de Personas para este Contrato
SIHO_v1,robot1,,2025-08-11 16:26:01,Paso 0: Acceder al contrato --- proceso CPS-0010-2025 - 2025-08-11 16:26:01
SIHO_v1,robot1,,2025-08-12 08:38:20,Paso 0: Acceder al contrato --- proceso CPS-3583-2025 - 2025-08-12 08:38:20
SIHO_v1,robot1,,2025-08-12 08:39:00,Terminada Modificación del Contrato --- proceso CPS-3583-2025 - inicio: 2025-08-12 08:38:20 - fin: 2025-08-12 08:39:00
SIHO_v1,robot1,,2025-08-12 08:39:00,Modificación del Contrato --- proceso CPS-3583-2025 - inicio: 2025-08-12 08:38:20 - fin: 2025-08-12 08:39:00
SIHO_v1,robot1,,2025-08-12 08:39:00,Paso 0: Acceder al contrato --- proceso CPS-0010-2025 - 2025-08-12 08:39:00
SIHO_v1,robot1,,2025-08-12 08:39:57,Terminada Modificación del Contrato --- proceso CPS-0010-2025 - inicio: 2025-08-12 08:39:00 - fin: 2025-08-12 08:39:57
SIHO_v1,robot1,,2025-08-12 08:39:57,Modificación del Contrato --- proceso CPS-0010-2025 - inicio: 2025-08-12 08:39:00 - fin: 2025-08-12 08:39:57
SIHO_v1,robot1,,2025-08-12 08:39:57,Paso 0: Acceder al contrato --- proceso CPS-0001-2025 - 2025-08-12 08:39:57
SIHO_v1,robot1,,2025-08-12 08:40:58,Terminada Modificación del Contrato --- proceso CPS-0001-2025 - inicio: 2025-08-12 08:39:57 - fin: 2025-08-12 08:40:58
SIHO_v1,robot1,,2025-08-12 08:40:58,Modificación del Contrato --- proceso CPS-0001-2025 - inicio: 2025-08-12 08:39:57 - fin: 2025-08-12 08:40:58
SIHO_v1,robot1,,2025-08-12 08:47:02,Paso 0: Acceder al contrato --- proceso CPS-3583-2025 - 2025-08-12 08:47:02
SIHO_v1,robot1,,2025-08-12 08:47:26,Terminada Modificación del Contrato --- proceso CPS-3583-2025 - inicio: 2025-08-12 08:47:02 - fin: 2025-08-12 08:47:26
SIHO_v1,robot1,,2025-08-12 08:47:26,Modificación del Contrato --- proceso CPS-3583-2025 - inicio: 2025-08-12 08:47:02 - fin: 2025-08-12 08:47:26
SIHO_v1,robot1,,2025-08-12 08:47:26,Paso 0: Acceder al contrato --- proceso CPS-0010-2025 - 2025-08-12 08:47:26
SIHO_v1,robot1,,2025-08-12 08:48:09,Terminada Modificación del Contrato --- proceso CPS-0010-2025 - inicio: 2025-08-12 08:47:26 - fin: 2025-08-12 08:48:09
SIHO_v1,robot1,,2025-08-12 08:48:09,Modificación del Contrato --- proceso CPS-0010-2025 - inicio: 2025-08-12 08:47:26 - fin: 2025-08-12 08:48:09
SIHO_v1,robot1,,2025-08-12 08:48:09,Paso 0: Acceder al contrato --- proceso CPS-0001-2025 - 2025-08-12 08:48:09
SIHO_v1,robot1,,2025-08-12 08:48:51,Terminada Modificación del Contrato --- proceso CPS-0001-2025 - inicio: 2025-08-12 08:48:09 - fin: 2025-08-12 08:48:51
SIHO_v1,robot1,,2025-08-12 08:48:51,Modificación del Contrato --- proceso CPS-0001-2025 - inicio: 2025-08-12 08:48:09 - fin: 2025-08-12 08:48:51
SIHO_v1,robot1,,2025-08-12 09:02:48,Paso 0: Acceder al contrato --- proceso CPS-3583-2025 - 2025-08-12 09:02:48
SIHO_v1,robot1,,2025-08-12 09:03:14,Terminada Modificación del Contrato --- proceso CPS-3583-2025 - inicio: 2025-08-12 09:02:48 - fin: 2025-08-12 09:03:14
SIHO_v1,robot1,,2025-08-12 09:03:14,Modificación del Contrato --- proceso CPS-3583-2025 - inicio: 2025-08-12 09:02:48 - fin: 2025-08-12 09:03:14
SIHO_v1,robot1,,2025-08-12 09:03:14,Paso 0: Acceder al contrato --- proceso CPS-0010-2025 - 2025-08-12 09:03:14
SIHO_v1,robot1,,2025-08-12 09:03:54,Terminada Modificación del Contrato --- proceso CPS-0010-2025 - inicio: 2025-08-12 09:03:14 - fin: 2025-08-12 09:03:54
SIHO_v1,robot1,,2025-08-12 09:03:54,Modificación del Contrato --- proceso CPS-0010-2025 - inicio: 2025-08-12 09:03:14 - fin: 2025-08-12 09:03:54
SIHO_v1,robot1,,2025-08-12 09:03:54,Paso 0: Acceder al contrato --- proceso CPS-0001-2025 - 2025-08-12 09:03:54
SIHO_v1,robot1,,2025-08-12 09:04:41,Terminada Modificación del Contrato --- proceso CPS-0001-2025 - inicio: 2025-08-12 09:03:54 - fin: 2025-08-12 09:04:41
SIHO_v1,robot1,,2025-08-12 09:04:41,Modificación del Contrato --- proceso CPS-0001-2025 - inicio: 2025-08-12 09:03:54 - fin: 2025-08-12 09:04:41
SIHO_v1,robot1,,2025-08-12 10:57:38,Paso 0: Acceder al contrato --- proceso CPS-3583-2025 - 2025-08-12 10:57:38
SIHO_v1,robot1,,2025-08-12 10:58:08,Terminada Modificación del Contrato --- proceso CPS-3583-2025 - inicio: 2025-08-12 10:57:38 - fin: 2025-08-12 10:58:08
SIHO_v1,robot1,,2025-08-12 10:58:08,Modificación del Contrato --- proceso CPS-3583-2025 - inicio: 2025-08-12 10:57:38 - fin: 2025-08-12 10:58:08
SIHO_v1,robot1,,2025-08-12 10:58:08,Paso 0: Acceder al contrato --- proceso CPS-0010-2025 - 2025-08-12 10:58:08
SIHO_v1,robot1,,2025-08-12 10:58:47,Terminada Modificación del Contrato --- proceso CPS-0010-2025 - inicio: 2025-08-12 10:58:08 - fin: 2025-08-12 10:58:47
SIHO_v1,robot1,,2025-08-12 10:58:47,Modificación del Contrato --- proceso CPS-0010-2025 - inicio: 2025-08-12 10:58:08 - fin: 2025-08-12 10:58:47
SIHO_v1,robot1,,2025-08-12 10:58:47,Paso 0: Acceder al contrato --- proceso CPS-0001-2025 - 2025-08-12 10:58:47
SIHO_v1,robot1,,2025-08-12 10:59:38,Terminada Modificación del Contrato --- proceso CPS-0001-2025 - inicio: 2025-08-12 10:58:47 - fin: 2025-08-12 10:59:38
SIHO_v1,robot1,,2025-08-12 10:59:38,Modificación del Contrato --- proceso CPS-0001-2025 - inicio: 2025-08-12 10:58:47 - fin: 2025-08-12 10:59:38
SIHO_v1,robot1,,2025-08-13 07:27:35,Paso 0: Acceder al contrato --- proceso CPS-3583-2025 - 2025-08-13 07:27:35
SIHO_v1,robot1,,2025-08-13 07:28:03,Terminada Modificación del Contrato --- proceso CPS-3583-2025 - inicio: 2025-08-13 07:27:35 - fin: 2025-08-13 07:28:03
SIHO_v1,robot1,,2025-08-13 07:28:03,Modificación del Contrato --- proceso CPS-3583-2025 - inicio: 2025-08-13 07:27:35 - fin: 2025-08-13 07:28:03
SIHO_v1,robot1,,2025-08-13 07:28:03,Paso 0: Acceder al contrato --- proceso CPS-0010-2025 - 2025-08-13 07:28:03
SIHO_v1,robot1,,2025-08-13 07:28:44,Terminada Modificación del Contrato --- proceso CPS-0010-2025 - inicio: 2025-08-13 07:28:03 - fin: 2025-08-13 07:28:44
SIHO_v1,robot1,,2025-08-13 07:28:44,Modificación del Contrato --- proceso CPS-0010-2025 - inicio: 2025-08-13 07:28:03 - fin: 2025-08-13 07:28:44
SIHO_v1,robot1,,2025-08-13 07:28:44,Paso 0: Acceder al contrato --- proceso CPS-0001-2025 - 2025-08-13 07:28:44
SIHO_v1,robot1,,2025-08-13 07:29:27,Terminada Modificación del Contrato --- proceso CPS-0001-2025 - inicio: 2025-08-13 07:28:44 - fin: 2025-08-13 07:29:27
SIHO_v1,robot1,,2025-08-13 07:29:27,Modificación del Contrato --- proceso CPS-0001-2025 - inicio: 2025-08-13 07:28:44 - fin: 2025-08-13 07:29:27
SIHO_v1,robot1,,2025-08-13 08:31:38,Paso 0: Acceder al contrato --- proceso CPS-3583-2025 - 2025-08-13 08:31:38
SIHO_v1,robot1,,2025-08-13 08:32:04,Terminada Modificación del Contrato --- proceso CPS-3583-2025 - inicio: 2025-08-13 08:31:38 - fin: 2025-08-13 08:32:04
SIHO_v1,robot1,,2025-08-13 08:32:04,Modificación del Contrato --- proceso CPS-3583-2025 - inicio: 2025-08-13 08:31:38 - fin: 2025-08-13 08:32:04
SIHO_v1,robot1,,2025-08-13 08:32:04,Paso 0: Acceder al contrato --- proceso CPS-0010-2025 - 2025-08-13 08:32:04
SIHO_v1,robot1,,2025-08-13 08:32:50,Terminada Modificación del Contrato --- proceso CPS-0010-2025 - inicio: 2025-08-13 08:32:04 - fin: 2025-08-13 08:32:50
SIHO_v1,robot1,,2025-08-13 08:32:50,Modificación del Contrato --- proceso CPS-0010-2025 - inicio: 2025-08-13 08:32:04 - fin: 2025-08-13 08:32:50
SIHO_v1,robot1,,2025-08-13 08:32:50,Paso 0: Acceder al contrato --- proceso CPS-0001-2025 - 2025-08-13 08:32:50
SIHO_v1,robot1,,2025-08-13 08:33:33,Terminada Modificación del Contrato --- proceso CPS-0001-2025 - inicio: 2025-08-13 08:32:50 - fin: 2025-08-13 08:33:33
SIHO_v1,robot1,,2025-08-13 08:33:33,Modificación del Contrato --- proceso CPS-0001-2025 - inicio: 2025-08-13 08:32:50 - fin: 2025-08-13 08:33:33
SIHO_v1,robot1,,2025-08-13 08:34:44,Paso 0: Acceder al contrato --- proceso CPS-3583-2025 - 2025-08-13 08:34:44
SIHO_v1,robot1,,2025-08-13 08:34:44,Paso 0: Acceder al contrato --- proceso CPS-0010-2025 - 2025-08-13 08:34:44
SIHO_v1,robot1,,2025-08-13 08:34:44,Paso 0: Acceder al contrato --- proceso CPS-0001-2025 - 2025-08-13 08:34:44
SIHO_v1,robot1,,2025-08-13 08:45:27,Paso 0: Acceder al contrato --- proceso CPS-3583-2025 - 2025-08-13 08:45:27
SIHO_v1,robot1,,2025-08-13 08:45:27,No existe el proceso: Actualizar olo fecha
SIHO_v1,robot1,,2025-08-13 08:45:27,Paso 0: Acceder al contrato --- proceso CPS-0010-2025 - 2025-08-13 08:45:27
SIHO_v1,robot1,,2025-08-13 08:45:27,No existe el proceso: Actualizar solo valore
SIHO_v1,robot1,,2025-08-13 08:45:27,Paso 0: Acceder al contrato --- proceso CPS-0001-2025 - 2025-08-13 08:45:27
SIHO_v1,robot1,,2025-08-13 08:45:27,No existe el proceso: Actulizar valor y fecha
precontractual_v1,robot1,,2025-09-08 14:53:02,No se encuentra Campo Número del proceso
precontractual_v1,robot1,,2025-09-08 14:56:40,No se encuentra Campo Número del proceso
precontractual_v1,robot1,,2025-09-09 11:14:18,No se encuentra Radio button CDP
precontractual_v1,robot1,,2025-09-09 15:24:40,No se encuentra stepCircle Configuracion en negro
precontractual_v1,robot1,,2025-09-10 07:34:00,Paso 0: Crear proceso --- proceso CPS-15001-2025 - 2025-09-10 07:34:00
precontractual_v1,robot1,,2025-09-10 07:34:34,No se encuentra Frame CREAR PROCESO
precontractual_v1,robot1,,2025-09-10 07:42:15,Paso 0: Crear proceso --- proceso CPS-15001-2025 - 2025-09-10 07:42:15
precontractual_v1,robot1,,2025-09-10 09:12:22,Paso 0: Crear proceso --- proceso CPS-15002-2025 - 2025-09-10 09:12:22
precontractual_v1,robot1,,2025-09-10 09:17:12,No se encuentra Botón Confirmar
precontractual_v1,robot1,,2025-09-10 10:39:49,Paso 0: Crear proceso --- proceso CPS-15003-2025 - 2025-09-10 10:39:49
precontractual_v1,robot1,,2025-09-10 10:42:51,No se encuentra Frame Información presupuestal
precontractual_v1,robot1,,2025-09-10 10:57:27,Paso 0: Crear proceso --- proceso CPS-15004-2025 - 2025-09-10 10:57:27
precontractual_v1,robot1,,2025-09-10 11:04:58,Terminada Pre contractual del Contrato --- proceso CPS-15004-2025 - inicio: 2025-09-10 10:57:27 - fin: 2025-09-10 11:04:58
precontractual_v1,robot1,,2025-09-10 11:04:58,Pre contractual del Contrato --- proceso CPS-15004-2025 - inicio: 2025-09-10 10:57:27 - fin: 2025-09-10 11:04:58
precontractual_v1,robot1,,2025-09-11 16:26:09,No se encuentra Label Información general
aprobacion_v4,robot1,,2025-10-15 16:13:23,Paso 0: Acceder al contrato --- proceso CPS-8478-2025 - 2025-10-15 16:13:23
aprobacion_v4,robot1,,2025-10-15 16:24:58,Paso 0: Acceder al contrato --- proceso CPS-8478-2025 - 2025-10-15 16:24:58
aprobacion_v4,robot1,,2025-10-15 16:26:02,Terminada Aprobación del Contrato --- proceso CPS-8478-2025 - inicio: 2025-10-15 16:24:58 - fin: 2025-10-15 16:26:02
aprobacion_v4,robot1,,2025-10-15 16:26:02,Aprobación del Contrato --- proceso CPS-8478-2025 - inicio: 2025-10-15 16:24:58 - fin: 2025-10-15 16:26:02
aprobacion_v4,robot1,,2025-10-15 16:26:02,Paso 0: Acceder al contrato --- proceso CPS-8479-2025 - 2025-10-15 16:26:02
aprobacion_v4,robot1,,2025-10-16 06:51:25,Paso 0: Acceder al contrato --- proceso CPS-8478-2025 - 2025-10-16 06:51:25
aprobacion_v4,robot1,,2025-10-16 06:52:16,No se encuentra Paso 0: Titulo proceso
aprobacion_v4,robot1,,2025-10-16 06:52:16,Paso 0: Acceder al contrato --- proceso CPS-8479-2025 - 2025-10-16 06:52:16
aprobacion_v4,robot1,,2025-10-16 06:53:38,Paso 0: Acceder al contrato --- proceso CPS-8478-2025 - 2025-10-16 06:53:38
aprobacion_v4,robot1,,2025-10-16 06:54:32,Terminada Aprobación del Contrato --- proceso CPS-8478-2025 - inicio: 2025-10-16 06:53:38 - fin: 2025-10-16 06:54:32
aprobacion_v4,robot1,,2025-10-16 06:54:32,Aprobación del Contrato --- proceso CPS-8478-2025 - inicio: 2025-10-16 06:53:38 - fin: 2025-10-16 06:54:32
aprobacion_v4,robot1,,2025-10-16 06:54:33,Paso 0: Acceder al contrato --- proceso CPS-8479-2025 - 2025-10-16 06:54:33
aprobacion_v4,robot1,,2025-10-16 06:55:29,Terminada Aprobación del Contrato --- proceso CPS-8479-2025 - inicio: 2025-10-16 06:54:33 - fin: 2025-10-16 06:55:29
aprobacion_v4,robot1,,2025-10-16 06:55:29,Aprobación del Contrato --- proceso CPS-8479-2025 - inicio: 2025-10-16 06:54:33 - fin: 2025-10-16 06:55:29
aprobacion_v4,robot1,,2025-10-16 06:55:29,Paso 0: Acceder al contrato --- proceso CPS-8480-2025 - 2025-10-16 06:55:29
aprobacion_v4,robot1,,2025-10-16 06:56:26,Terminada Aprobación del Contrato --- proceso CPS-8480-2025 - inicio: 2025-10-16 06:55:29 - fin: 2025-10-16 06:56:26
aprobacion_v4,robot1,,2025-10-16 06:56:26,Aprobación del Contrato --- proceso CPS-8480-2025 - inicio: 2025-10-16 06:55:29 - fin: 2025-10-16 06:56:26
aprobacion_v4,robot1,,2025-10-16 06:56:26,Paso 0: Acceder al contrato --- proceso CPS-8481-2025 - 2025-10-16 06:56:26
aprobacion_v4,robot1,,2025-10-16 06:57:24,Terminada Aprobación del Contrato --- proceso CPS-8481-2025 - inicio: 2025-10-16 06:56:26 - fin: 2025-10-16 06:57:24
aprobacion_v4,robot1,,2025-10-16 06:57:24,Aprobación del Contrato --- proceso CPS-8481-2025 - inicio: 2025-10-16 06:56:26 - fin: 2025-10-16 06:57:24
aprobacion_v4,robot1,,2025-10-16 06:58:34,Paso 0: Acceder al contrato --- proceso CPS-8478-2025 - 2025-10-16 06:58:34
aprobacion_v4,robot1,,2025-10-16 06:59:29,Terminada Aprobación del Contrato --- proceso CPS-8478-2025 - inicio: 2025-10-16 06:58:34 - fin: 2025-10-16 06:59:29
aprobacion_v4,robot1,,2025-10-16 06:59:29,Aprobación del Contrato --- proceso CPS-8478-2025 - inicio: 2025-10-16 06:58:34 - fin: 2025-10-16 06:59:29
aprobacion_v4,robot1,,2025-10-16 06:59:29,Paso 0: Acceder al contrato --- proceso CPS-8479-2025 - 2025-10-16 06:59:29
aprobacion_v4,robot1,,2025-10-16 07:00:20,Terminada Aprobación del Contrato --- proceso CPS-8479-2025 - inicio: 2025-10-16 06:59:29 - fin: 2025-10-16 07:00:20
aprobacion_v4,robot1,,2025-10-16 07:00:20,Aprobación del Contrato --- proceso CPS-8479-2025 - inicio: 2025-10-16 06:59:29 - fin: 2025-10-16 07:00:20
aprobacion_v4,robot1,,2025-10-16 07:00:21,Paso 0: Acceder al contrato --- proceso CPS-8480-2025 - 2025-10-16 07:00:21
aprobacion_v4,robot1,,2025-10-16 07:01:12,Terminada Aprobación del Contrato --- proceso CPS-8480-2025 - inicio: 2025-10-16 07:00:21 - fin: 2025-10-16 07:01:12
aprobacion_v4,robot1,,2025-10-16 07:01:12,Aprobación del Contrato --- proceso CPS-8480-2025 - inicio: 2025-10-16 07:00:21 - fin: 2025-10-16 07:01:12
aprobacion_v4,robot1,,2025-10-16 07:01:12,Paso 0: Acceder al contrato --- proceso CPS-8481-2025 - 2025-10-16 07:01:12
aprobacion_v4,robot1,,2025-10-16 07:02:04,Terminada Aprobación del Contrato --- proceso CPS-8481-2025 - inicio: 2025-10-16 07:01:12 - fin: 2025-10-16 07:02:04
aprobacion_v4,robot1,,2025-10-16 07:02:04,Aprobación del Contrato --- proceso CPS-8481-2025 - inicio: 2025-10-16 07:01:12 - fin: 2025-10-16 07:02:04
aprobacion_v4,robot1,,2025-10-16 14:27:02,No se encuentra Paso 0: Titulo proceso
aprobacion_v4,robot1,,2025-10-16 14:39:16,No se encuentra Paso 0: Titulo proceso
ejecucion_v1,robot1,,2025-11-24 16:13:57,No se encuentra Paso 0: Titulo proceso
ejecucion_v1,robot1,,2025-11-25 09:43:51,No se encuentra Paso 0: Titulo proceso
ejecucion_v1,robot1,,2025-11-25 10:13:27,No se encuentra Boton Buscar documento
ejecucion_v1,robot1,,2025-11-25 10:14:28,No se encuentra Progreso DOCUMENTO ANEXO
ejecucion_v1,robot1,,2025-11-25 10:26:12,Paso 0: Acceder al contrato --- proceso CPS-3523-2025 - 2025-11-25 10:26:12
ejecucion_v1,robot1,,2025-11-25 10:27:53,Terminada Aprobación del Contrato --- proceso CPS-3523-2025 - inicio: 2025-11-25 10:26:12 - fin: 2025-11-25 10:27:53
ejecucion_v1,robot1,,2025-11-25 10:27:53,Aprobación del Contrato --- proceso CPS-3523-2025 - inicio: 2025-11-25 10:26:12 - fin: 2025-11-25 10:27:53
ejecucion_v1,robot1,,2025-11-25 10:27:53,Paso 0: Acceder al contrato --- proceso CPS-4196-2025 - 2025-11-25 10:27:53
ejecucion_v1,robot1,,2025-11-25 10:29:14,No se encuentra Boton Buscar documento
ejecucion_v1,robot1,,2025-11-25 10:29:14,Paso 0: Acceder al contrato --- proceso CPS-5911-2025 - 2025-11-25 10:29:14
ejecucion_v1,robot1,,2025-11-25 10:39:11,Paso 0: Acceder al contrato --- proceso CPS-4196-2025 - 2025-11-25 10:39:11
ejecucion_v1,robot1,,2025-11-25 10:40:56,Terminada Aprobación del Contrato --- proceso CPS-4196-2025 - inicio: 2025-11-25 10:39:11 - fin: 2025-11-25 10:40:56
ejecucion_v1,robot1,,2025-11-25 10:40:56,Aprobación del Contrato --- proceso CPS-4196-2025 - inicio: 2025-11-25 10:39:11 - fin: 2025-11-25 10:40:56
ejecucion_v1,robot1,,2025-11-25 10:40:56,Paso 0: Acceder al contrato --- proceso CPS-5911-2025 - 2025-11-25 10:40:56
ejecucion_v1,robot1,,2025-11-25 10:42:38,Terminada Aprobación del Contrato --- proceso CPS-5911-2025 - inicio: 2025-11-25 10:40:56 - fin: 2025-11-25 10:42:38
ejecucion_v1,robot1,,2025-11-25 10:42:38,Aprobación del Contrato --- proceso CPS-5911-2025 - inicio: 2025-11-25 10:40:56 - fin: 2025-11-25 10:42:38
ejecucion_v1,robot1,,2025-11-25 10:42:38,Paso 0: Acceder al contrato --- proceso CPS-6475-2025 - 2025-11-25 10:42:38
ejecucion_v1,robot1,,2025-11-25 10:44:12,Terminada Aprobación del Contrato --- proceso CPS-6475-2025 - inicio: 2025-11-25 10:42:38 - fin: 2025-11-25 10:44:12
ejecucion_v1,robot1,,2025-11-25 10:44:12,Aprobación del Contrato --- proceso CPS-6475-2025 - inicio: 2025-11-25 10:42:38 - fin: 2025-11-25 10:44:12
publicidad_v1,robot1,,2025-11-28 10:58:43,No se encuentra Paso 0: Titulo proceso
publicidad_v1,robot1,,2025-11-28 10:59:19,No se encuentra Paso 0: Titulo proceso
publicidad_v1,robot1,,2025-11-28 10:59:53,No se encuentra Paso 0: Titulo proceso
publicidad_v1,robot1,,2025-11-28 11:00:54,No se encuentra Paso 0: Titulo proceso
publicidad_v1,robot1,,2025-11-28 11:33:26,No se encuentra Paso 0: Titulo proceso
publicidad_v1,robot1,,2025-11-28 11:34:07,No se encuentra Paso 0: Titulo proceso
publicidad_v1,robot1,,2025-11-28 15:51:33,No se encuentra Progreso DOCUMENTO ANEXO
publicidad_v1,robot1,,2025-11-28 15:56:43,No se encuentra Paso 0: Titulo proceso
publicidad_v1,robot1,,2025-11-29 09:58:38,No se encuentra Progreso DOCUMENTO ANEXO
precontractual_v2,robot1,,2025-12-11 10:23:04,No se encuentra Paso 0: Campo Búsqueda avanzada
precontractual_v2,robot1,,2025-12-11 11:26:53,No se encuentra Menú 2 Configuración
precontractual_v2,robot1,,2025-12-12 08:00:33,No se encuentra Paso 0: Boton Detalle
precontractual_v2,robot1,,2025-12-12 08:07:34,No se encuentra Paso 0: Boton Detalle
precontractual_v2,robot1,,2025-12-12 08:11:51,No se encuentra Paso 0: Boton Detalle
precontractual_v2,robot1,,2025-12-12 08:18:09,No se encuentra Paso 0: Boton Detalle
precontractual_v2,robot1,,2025-12-15 10:53:00,Paso 0: Crear proceso --- proceso CPS-9476-2025 - 2025-12-15 10:53:00
precontractual_v2,robot1,,2025-12-15 10:53:15,No se encuentra Botón Crear Contratación régimen especial
precontractual_v2,robot1,,2025-12-15 10:53:15,Paso 0: Crear proceso --- proceso CPS-9479-2025 - 2025-12-15 10:53:15
precontractual_v2,robot1,,2025-12-15 10:54:16,Paso 0: Crear proceso --- proceso CPS-9476-2025 - 2025-12-15 10:54:16
precontractual_v2,robot1,,2025-12-15 10:55:44,No se encuentra Paso 0: Boton Detalle
precontractual_v2,robot1,,2025-12-15 10:55:44,Paso 0: Crear proceso --- proceso CPS-9479-2025 - 2025-12-15 10:55:44
precontractual_v2,robot1,,2025-12-15 11:05:15,No se encuentra Paso 0: Boton Detalle
precontractual_v2,robot1,,2025-12-15 11:09:23,No se encuentra Paso 0: Boton Detalle
precontractual_v2,robot1,,2025-12-15 11:15:39,No se encuentra Paso 0: Titulo proceso
precontractual_v2,robot1,,2025-12-15 11:16:13,No se encuentra Paso 0: Enlace contrato
precontractual_v2,robot1,,2025-12-15 11:16:54,No se encuentra Paso 0: Enlace contrato
contractual_v1,robot1,,2025-12-23 09:32:37,No se encuentra Progreso DOCUMENTO ANEXO
contractual_v1,robot1,,2026-01-05 08:08:00,Paso 0: Acceder al contrato --- proceso CPS-9483-2025 - 2026-01-05 08:08:00
contractual_v1,robot1,,2026-01-05 08:08:34,No se encuentra Paso 0: Seleccionar Todos
publicidad_v1,robot1,,2026-01-05 15:48:58,No se encuentra Botón Iniciar Sesión
publicidad_v1,robot1,,2026-01-05 16:09:54,No se encuentra Progreso DOCUMENTO ANEXO
publicidad_v1,robot1,,2026-01-05 16:12:15,No se encuentra Progreso DOCUMENTO ANEXO
modificación_v2,robot1,,2026-01-22 11:18:33,No se encuentra Paso 0: Titulo proceso
modificación_v2,robot1,,2026-01-22 11:19:33,No se encuentra Botón Iniciar Sesión
modificación_v2,robot1,,2026-01-22 11:37:16,No se encuentra Paso 0: Titulo proceso
modificación_v2,robot1,,2026-01-22 11:48:58,No se encuentra Paso 0: Titulo proceso
modificación_v2,robot1,,2026-01-22 11:52:39,No se encuentra Paso 0: Titulo proceso
modificación_v2,robot1,,2026-01-22 11:53:58,No se encuentra Paso 0: Titulo proceso
modificación_v2,robot1,,2026-01-22 11:55:07,No se encuentra Paso 0: Titulo proceso
modificación_v2,robot1,,2026-01-22 11:56:10,No se encuentra Paso 0: Titulo proceso
modificación_v2,robot1,,2026-01-22 14:23:53,No se encuentra Paso 0: Seleccionar Todos
modificación_v2,robot1,,2026-01-22 14:36:49,No se encuentra Paso 0: Titulo proceso
descarga_v1,robot1,52993492,2026-03-24 08:27:40,Paso 1: Descarga PLANILLA-52993492-8066-2024-Noviembre_2024.pdf - 2026-03-24 08:27:40
descarga_v1,robot1,52993492,2026-03-24 08:27:42,Terminada Descarga PLANILLA-52993492-8066-2024-Noviembre_2024.pdf - inicio: 2026-03-24 08:27:40 - fin: 2026-03-24 08:27:42
descarga_v1,robot1,52993492,2026-03-24 08:27:42,Descarga PLANILLA-52993492-8066-2024-Noviembre_2024.pdf - inicio: 2026-03-24 08:27:40 - fin: 2026-03-24 08:27:42
descarga_v1,robot1,52778755,2026-03-24 08:27:42,Paso 1: Descarga PLANILLA-52778755-8067-2024-Noviembre_2024.pdf - 2026-03-24 08:27:42
descarga_v1,robot1,52778755,2026-03-24 08:27:43,Terminada Descarga PLANILLA-52778755-8067-2024-Noviembre_2024.pdf - inicio: 2026-03-24 08:27:42 - fin: 2026-03-24 08:27:43
descarga_v1,robot1,52778755,2026-03-24 08:27:43,Descarga PLANILLA-52778755-8067-2024-Noviembre_2024.pdf - inicio: 2026-03-24 08:27:42 - fin: 2026-03-24 08:27:43
descarga_v1,robot1,52993492,2026-03-24 08:27:43,Paso 1: Descarga ACTIVIDADES-52993492-8066-2024-Noviembre_2024.pdf - 2026-03-24 08:27:43
descarga_v1,robot1,52993492,2026-03-24 08:27:45,Terminada Descarga ACTIVIDADES-52993492-8066-2024-Noviembre_2024.pdf - inicio: 2026-03-24 08:27:43 - fin: 2026-03-24 08:27:45
descarga_v1,robot1,52993492,2026-03-24 08:27:45,Descarga ACTIVIDADES-52993492-8066-2024-Noviembre_2024.pdf - inicio: 2026-03-24 08:27:43 - fin: 2026-03-24 08:27:45
descarga_v1,robot1,52778755,2026-03-24 08:27:45,Paso 1: Descarga ACTIVIDADES-52778755-8067-2024-Noviembre_2024.pdf - 2026-03-24 08:27:45
descarga_v1,robot1,52778755,2026-03-24 08:27:47,Terminada Descarga ACTIVIDADES-52778755-8067-2024-Noviembre_2024.pdf - inicio: 2026-03-24 08:27:45 - fin: 2026-03-24 08:27:47
descarga_v1,robot1,52778755,2026-03-24 08:27:47,Descarga ACTIVIDADES-52778755-8067-2024-Noviembre_2024.pdf - inicio: 2026-03-24 08:27:45 - fin: 2026-03-24 08:27:47
descarga_v1,robot1,52266438,2026-03-24 08:27:47,Paso 1: Descarga FACTURA ELECTRONICA-52266438-0494-2024-Diciembre_2024.pdf - 2026-03-24 08:27:47
descarga_v1,robot1,52266438,2026-03-24 08:27:48,Terminada Descarga FACTURA ELECTRONICA-52266438-0494-2024-Diciembre_2024.pdf - inicio: 2026-03-24 08:27:47 - fin: 2026-03-24 08:27:48
descarga_v1,robot1,52266438,2026-03-24 08:27:48,Descarga FACTURA ELECTRONICA-52266438-0494-2024-Diciembre_2024.pdf - inicio: 2026-03-24 08:27:47 - fin: 2026-03-24 08:27:48
descarga_v1,robot1,64568475,2026-03-24 08:27:48,Paso 1: Descarga FACTURA ELECTRONICA-64568475-1164-2024-Diciembre_2024.pdf - 2026-03-24 08:27:48
descarga_v1,robot1,64568475,2026-03-24 08:27:50,Terminada Descarga FACTURA ELECTRONICA-64568475-1164-2024-Diciembre_2024.pdf - inicio: 2026-03-24 08:27:48 - fin: 2026-03-24 08:27:50
descarga_v1,robot1,64568475,2026-03-24 08:27:50,Descarga FACTURA ELECTRONICA-64568475-1164-2024-Diciembre_2024.pdf - inicio: 2026-03-24 08:27:48 - fin: 2026-03-24 08:27:50
descarga_v1,robot1,52993492,2026-03-24 08:59:34,Paso 1: Descarga PLANILLA-52993492-8066-2024-Noviembre_2024.pdf - 2026-03-24 08:59:34
descarga_v1,robot1,52993492,2026-03-24 08:59:36,Terminada Descarga PLANILLA-52993492-8066-2024-Noviembre_2024.pdf - inicio: 2026-03-24 08:59:34 - fin: 2026-03-24 08:59:36
descarga_v1,robot1,52993492,2026-03-24 08:59:36,Descarga PLANILLA-52993492-8066-2024-Noviembre_2024.pdf - inicio: 2026-03-24 08:59:34 - fin: 2026-03-24 08:59:36
descarga_v1,robot1,52778755,2026-03-24 08:59:36,Paso 1: Descarga PLANILLA-52778755-8067-2024-Noviembre_2024.pdf - 2026-03-24 08:59:36
descarga_v1,robot1,52778755,2026-03-24 08:59:37,Terminada Descarga PLANILLA-52778755-8067-2024-Noviembre_2024.pdf - inicio: 2026-03-24 08:59:36 - fin: 2026-03-24 08:59:37
descarga_v1,robot1,52778755,2026-03-24 08:59:37,Descarga PLANILLA-52778755-8067-2024-Noviembre_2024.pdf - inicio: 2026-03-24 08:59:36 - fin: 2026-03-24 08:59:37
descarga_v1,robot1,52993492,2026-03-24 08:59:37,Paso 1: Descarga ACTIVIDADES-52993492-8066-2024-Noviembre_2024.pdf - 2026-03-24 08:59:37
descarga_v1,robot1,52993492,2026-03-24 08:59:39,Terminada Descarga ACTIVIDADES-52993492-8066-2024-Noviembre_2024.pdf - inicio: 2026-03-24 08:59:37 - fin: 2026-03-24 08:59:39
descarga_v1,robot1,52993492,2026-03-24 08:59:39,Descarga ACTIVIDADES-52993492-8066-2024-Noviembre_2024.pdf - inicio: 2026-03-24 08:59:37 - fin: 2026-03-24 08:59:39
descarga_v1,robot1,52778755,2026-03-24 08:59:39,Paso 1: Descarga ACTIVIDADES-52778755-8067-2024-Noviembre_2024.pdf - 2026-03-24 08:59:39
descarga_v1,robot1,52778755,2026-03-24 08:59:41,Terminada Descarga ACTIVIDADES-52778755-8067-2024-Noviembre_2024.pdf - inicio: 2026-03-24 08:59:39 - fin: 2026-03-24 08:59:41
descarga_v1,robot1,52778755,2026-03-24 08:59:41,Descarga ACTIVIDADES-52778755-8067-2024-Noviembre_2024.pdf - inicio: 2026-03-24 08:59:39 - fin: 2026-03-24 08:59:41
descarga_v1,robot1,52266438,2026-03-24 08:59:41,Paso 1: Descarga FACTURA ELECTRONICA-52266438-0494-2024-Diciembre_2024.pdf - 2026-03-24 08:59:41
descarga_v1,robot1,52266438,2026-03-24 08:59:42,Terminada Descarga FACTURA ELECTRONICA-52266438-0494-2024-Diciembre_2024.pdf - inicio: 2026-03-24 08:59:41 - fin: 2026-03-24 08:59:42
descarga_v1,robot1,52266438,2026-03-24 08:59:42,Descarga FACTURA ELECTRONICA-52266438-0494-2024-Diciembre_2024.pdf - inicio: 2026-03-24 08:59:41 - fin: 2026-03-24 08:59:42
descarga_v1,robot1,64568475,2026-03-24 08:59:42,Paso 1: Descarga FACTURA ELECTRONICA-64568475-1164-2024-Diciembre_2024.pdf - 2026-03-24 08:59:42
descarga_v1,robot1,64568475,2026-03-24 08:59:44,Terminada Descarga FACTURA ELECTRONICA-64568475-1164-2024-Diciembre_2024.pdf - inicio: 2026-03-24 08:59:42 - fin: 2026-03-24 08:59:44
descarga_v1,robot1,64568475,2026-03-24 08:59:44,Descarga FACTURA ELECTRONICA-64568475-1164-2024-Diciembre_2024.pdf - inicio: 2026-03-24 08:59:42 - fin: 2026-03-24 08:59:44
descarga_v1,robot1,52993492,2026-03-24 09:43:01,Paso 1: Descarga --- proceso PLANILLA-52993492-8066-2024-Noviembre_2024.pdf - 2026-03-24 09:43:01
descarga_v1,robot1,52993492,2026-03-24 09:43:03,Terminada Descarga --- procesoPLANILLA-52993492-8066-2024-Noviembre_2024.pdf - inicio: 2026-03-24 09:43:01 - fin: 2026-03-24 09:43:03
descarga_v1,robot1,52993492,2026-03-24 09:43:03,Descarga --- procesoPLANILLA-52993492-8066-2024-Noviembre_2024.pdf - inicio: 2026-03-24 09:43:01 - fin: 2026-03-24 09:43:03
descarga_v1,robot1,52778755,2026-03-24 09:43:03,Paso 1: Descarga --- proceso PLANILLA-52778755-8067-2024-Noviembre_2024.pdf - 2026-03-24 09:43:03
descarga_v1,robot1,52778755,2026-03-24 09:43:04,Terminada Descarga --- procesoPLANILLA-52778755-8067-2024-Noviembre_2024.pdf - inicio: 2026-03-24 09:43:03 - fin: 2026-03-24 09:43:04
descarga_v1,robot1,52778755,2026-03-24 09:43:04,Descarga --- procesoPLANILLA-52778755-8067-2024-Noviembre_2024.pdf - inicio: 2026-03-24 09:43:03 - fin: 2026-03-24 09:43:04
descarga_v1,robot1,52993492,2026-03-24 09:43:04,Paso 1: Descarga --- proceso ACTIVIDADES-52993492-8066-2024-Noviembre_2024.pdf - 2026-03-24 09:43:04
descarga_v1,robot1,52993492,2026-03-24 09:43:05,Terminada Descarga --- procesoACTIVIDADES-52993492-8066-2024-Noviembre_2024.pdf - inicio: 2026-03-24 09:43:04 - fin: 2026-03-24 09:43:05
descarga_v1,robot1,52993492,2026-03-24 09:43:05,Descarga --- procesoACTIVIDADES-52993492-8066-2024-Noviembre_2024.pdf - inicio: 2026-03-24 09:43:04 - fin: 2026-03-24 09:43:05
descarga_v1,robot1,52778755,2026-03-24 09:43:05,Paso 1: Descarga --- proceso ACTIVIDADES-52778755-8067-2024-Noviembre_2024.pdf - 2026-03-24 09:43:05
descarga_v1,robot1,52778755,2026-03-24 09:43:07,Terminada Descarga --- procesoACTIVIDADES-52778755-8067-2024-Noviembre_2024.pdf - inicio: 2026-03-24 09:43:05 - fin: 2026-03-24 09:43:07
descarga_v1,robot1,52778755,2026-03-24 09:43:07,Descarga --- procesoACTIVIDADES-52778755-8067-2024-Noviembre_2024.pdf - inicio: 2026-03-24 09:43:05 - fin: 2026-03-24 09:43:07
descarga_v1,robot1,52266438,2026-03-24 09:43:07,Paso 1: Descarga --- proceso FACTURA ELECTRONICA-52266438-0494-2024-Diciembre_2024.pdf - 2026-03-24 09:43:07
descarga_v1,robot1,52266438,2026-03-24 09:43:09,Terminada Descarga --- procesoFACTURA ELECTRONICA-52266438-0494-2024-Diciembre_2024.pdf - inicio: 2026-03-24 09:43:07 - fin: 2026-03-24 09:43:09
descarga_v1,robot1,52266438,2026-03-24 09:43:09,Descarga --- procesoFACTURA ELECTRONICA-52266438-0494-2024-Diciembre_2024.pdf - inicio: 2026-03-24 09:43:07 - fin: 2026-03-24 09:43:09
descarga_v1,robot1,64568475,2026-03-24 09:43:09,Paso 1: Descarga --- proceso FACTURA ELECTRONICA-64568475-1164-2024-Diciembre_2024.pdf - 2026-03-24 09:43:09
descarga_v1,robot1,64568475,2026-03-24 09:43:10,Terminada Descarga --- procesoFACTURA ELECTRONICA-64568475-1164-2024-Diciembre_2024.pdf - inicio: 2026-03-24 09:43:09 - fin: 2026-03-24 09:43:10
descarga_v1,robot1,64568475,2026-03-24 09:43:10,Descarga --- procesoFACTURA ELECTRONICA-64568475-1164-2024-Diciembre_2024.pdf - inicio: 2026-03-24 09:43:09 - fin: 2026-03-24 09:43:10
descarga_v1,robot1,52993492,2026-03-24 09:49:02,Paso 1: Descarga --- proceso PLANILLA-52993492-8066-2024-Noviembre_2024.pdf - 2026-03-24 09:49:02
descarga_v1,robot1,52993492,2026-03-24 09:49:03,Terminada Descarga --- proceso PLANILLA-52993492-8066-2024-Noviembre_2024.pdf - inicio: 2026-03-24 09:49:02 - fin: 2026-03-24 09:49:03
descarga_v1,robot1,52993492,2026-03-24 09:49:03,Descarga --- proceso PLANILLA-52993492-8066-2024-Noviembre_2024.pdf - inicio: 2026-03-24 09:49:02 - fin: 2026-03-24 09:49:03
descarga_v1,robot1,52778755,2026-03-24 09:49:03,Paso 1: Descarga --- proceso PLANILLA-52778755-8067-2024-Noviembre_2024.pdf - 2026-03-24 09:49:03
descarga_v1,robot1,52778755,2026-03-24 09:49:06,Terminada Descarga --- proceso PLANILLA-52778755-8067-2024-Noviembre_2024.pdf - inicio: 2026-03-24 09:49:03 - fin: 2026-03-24 09:49:06
descarga_v1,robot1,52778755,2026-03-24 09:49:06,Descarga --- proceso PLANILLA-52778755-8067-2024-Noviembre_2024.pdf - inicio: 2026-03-24 09:49:03 - fin: 2026-03-24 09:49:06
descarga_v1,robot1,52993492,2026-03-24 09:49:06,Paso 1: Descarga --- proceso ACTIVIDADES-52993492-8066-2024-Noviembre_2024.pdf - 2026-03-24 09:49:06
descarga_v1,robot1,52993492,2026-03-24 09:49:07,Terminada Descarga --- proceso ACTIVIDADES-52993492-8066-2024-Noviembre_2024.pdf - inicio: 2026-03-24 09:49:06 - fin: 2026-03-24 09:49:07
descarga_v1,robot1,52993492,2026-03-24 09:49:07,Descarga --- proceso ACTIVIDADES-52993492-8066-2024-Noviembre_2024.pdf - inicio: 2026-03-24 09:49:06 - fin: 2026-03-24 09:49:07
descarga_v1,robot1,52778755,2026-03-24 09:49:07,Paso 1: Descarga --- proceso ACTIVIDADES-52778755-8067-2024-Noviembre_2024.pdf - 2026-03-24 09:49:07
descarga_v1,robot1,52778755,2026-03-24 09:49:09,Terminada Descarga --- proceso ACTIVIDADES-52778755-8067-2024-Noviembre_2024.pdf - inicio: 2026-03-24 09:49:07 - fin: 2026-03-24 09:49:09
descarga_v1,robot1,52778755,2026-03-24 09:49:09,Descarga --- proceso ACTIVIDADES-52778755-8067-2024-Noviembre_2024.pdf - inicio: 2026-03-24 09:49:07 - fin: 2026-03-24 09:49:09
descarga_v1,robot1,52266438,2026-03-24 09:49:09,Paso 1: Descarga --- proceso FACTURA ELECTRONICA-52266438-0494-2024-Diciembre_2024.pdf - 2026-03-24 09:49:09
descarga_v1,robot1,52266438,2026-03-24 09:49:11,Terminada Descarga --- proceso FACTURA ELECTRONICA-52266438-0494-2024-Diciembre_2024.pdf - inicio: 2026-03-24 09:49:09 - fin: 2026-03-24 09:49:11
descarga_v1,robot1,52266438,2026-03-24 09:49:11,Descarga --- proceso FACTURA ELECTRONICA-52266438-0494-2024-Diciembre_2024.pdf - inicio: 2026-03-24 09:49:09 - fin: 2026-03-24 09:49:11
descarga_v1,robot1,64568475,2026-03-24 09:49:11,Paso 1: Descarga --- proceso FACTURA ELECTRONICA-64568475-1164-2024-Diciembre_2024.pdf - 2026-03-24 09:49:11
descarga_v1,robot1,64568475,2026-03-24 09:49:12,Terminada Descarga --- proceso FACTURA ELECTRONICA-64568475-1164-2024-Diciembre_2024.pdf - inicio: 2026-03-24 09:49:11 - fin: 2026-03-24 09:49:12
descarga_v1,robot1,64568475,2026-03-24 09:49:12,Descarga --- proceso FACTURA ELECTRONICA-64568475-1164-2024-Diciembre_2024.pdf - inicio: 2026-03-24 09:49:11 - fin: 2026-03-24 09:49:12
modificación_v2,robot1,,2026-04-16 15:33:36,Paso 0: Acceder al contrato --- proceso 2831-2026 - 2026-04-16 15:33:26
modificación_v2,robot1,,2026-04-17 11:36:25,No se encuentra Progreso DOCUMENTO ANEXO
modificación_v2,robot1,,2026-04-20 08:38:24,Paso 0: Acceder al contrato --- proceso 1187-2026 - 2026-04-20 08:38:24
modificación_v3,robot1,,2026-04-28 14:29:45,No se encuentra Paso 0: Titulo proceso
modificación_v3,robot1,,2026-04-28 14:38:36,No se encuentra Campo Número del proceso
modificación_v3,robot1,,2026-04-28 14:43:37,No se encuentra Campo Número del proceso
modificación_v3,robot1,,2026-04-28 14:54:41,Paso 0: Acceder al contrato --- proceso CPS-8924-2025 - 2026-04-28 14:54:41
modificación_v3,robot1,,2026-04-28 14:55:39,No se encuentra Menú 8 Modificacione del Contrato
modificación_v3,robot1,,2026-04-28 14:55:39,Paso 0: Acceder al contrato --- proceso CPS-2097-2026 - 2026-04-28 14:55:39
modificación_v3,robot1,,2026-04-28 14:56:34,Paso 0: Acceder al contrato --- proceso CPS-8924-2025 - 2026-04-28 14:56:34
modificación_v3,robot1,,2026-04-28 14:59:42,No se encuentra Campo Número del proceso
historias_v1,robot1,,2026-07-09 14:24:41,No se encuentra Botón Continuar
historias_v1,robot1,,2026-07-10 11:14:52,Paso 0: Buscar la historia --- proceso CC1022938790 - 2026-07-10 11:14:52
laboratorios_v1,robot1,,2026-07-11 12:09:10,Paso 0: Buscar la historia --- proceso CC1022965576 - 2026-07-11 12:09:10
laboratorios_v1,robot1,,2026-07-11 12:30:48,Paso 0: Buscar la historia --- proceso CC1022965576 - 2026-07-11 12:30:41
laboratorios_v1,robot1,,2026-07-11 12:42:21,Paso 0: Buscar la historia --- proceso CC1022965576 - 2026-07-11 12:42:21
laboratorios_v1,robot1,,2026-07-11 12:43:17,Terminada Descarga de Historias --- proceso CC1022965576 - inicio: 2026-07-11 12:42:21 - fin: 2026-07-11 12:43:17
laboratorios_v1,robot1,,2026-07-11 12:43:17,Descarga de Historias --- proceso CC1022965576 - inicio: 2026-07-11 12:42:21 - fin: 2026-07-11 12:43:17
laboratorios_v1,robot1,,2026-07-11 12:43:22,Paso 0: Buscar la historia --- proceso CC1022975346 - 2026-07-11 12:43:22
laboratorios_v1,robot1,,2026-07-11 12:44:52,Sin Historia --- proceso CC1022975346 - inicio: 2026-07-11 12:43:22 - fin: 2026-07-11 12:43:17
laboratorios_v1,robot1,,2026-07-11 12:44:57,Paso 0: Buscar la historia --- proceso CC12189611 - 2026-07-11 12:44:57
laboratorios_v1,robot1,,2026-07-11 12:45:27,Sin Historia --- proceso CC12189611 - inicio: 2026-07-11 12:44:57 - fin: 2026-07-11 12:43:17
